{
    "explainVersion": "1",
    "queryPlanner": {
        "namespace": "dellDbJune.zipcode",
        "indexFilterSet": false,
        "parsedQuery": {
            "state": {
                "$eq": "MA"
            }
        },
        "queryHash": "48E5EF8F",
        "planCacheKey": "C612BC9D",
        "maxIndexedOrSolutionsReached": false,
        "maxIndexedAndSolutionsReached": false,
        "maxScansToExplodeReached": false,
        "winningPlan": {
            "stage": "FETCH",
            "inputStage": {
                "stage": "IXSCAN",
                "keyPattern": {
                    "state": 1
                },
                "indexName": "state_1",
                "isMultiKey": false,
                "multiKeyPaths": {
                    "state": []
                },
                "isUnique": false,
                "isSparse": false,
                "isPartial": false,
                "indexVersion": 2,
                "direction": "forward",
                "indexBounds": {
                    "state": [
                        "[\"MA\", \"MA\"]"
                    ]
                }
            }
        },
        "rejectedPlans": [
            {
                "stage": "FETCH",
                "inputStage": {
                    "stage": "IXSCAN",
                    "keyPattern": {
                        "state": 1,
                        "city": -1
                    },
                    "indexName": "state_1_city_-1",
                    "isMultiKey": false,
                    "multiKeyPaths": {
                        "state": [],
                        "city": []
                    },
                    "isUnique": false,
                    "isSparse": false,
                    "isPartial": false,
                    "indexVersion": 2,
                    "direction": "forward",
                    "indexBounds": {
                        "state": [
                            "[\"MA\", \"MA\"]"
                        ],
                        "city": [
                            "[MaxKey, MinKey]"
                        ]
                    }
                }
            },
            {
                "stage": "FETCH",
                "filter": {
                    "state": {
                        "$eq": "MA"
                    }
                },
                "inputStage": {
                    "stage": "IXSCAN",
                    "keyPattern": {
                        "state": "hashed"
                    },
                    "indexName": "state_hashed",
                    "isMultiKey": false,
                    "isUnique": false,
                    "isSparse": false,
                    "isPartial": false,
                    "indexVersion": 2,
                    "direction": "forward",
                    "indexBounds": {
                        "state": [
                            "[4460459325488517581, 4460459325488517581]"
                        ]
                    }
                }
            }
        ]
    },
    "executionStats": {
        "executionSuccess": true,
        "nReturned": 474,
        "executionTimeMillis": 2,
        "totalKeysExamined": 474,
        "totalDocsExamined": 474,
        "executionStages": {
            "stage": "FETCH",
            "nReturned": 474,
            "executionTimeMillisEstimate": 0,
            "works": 475,
            "advanced": 474,
            "needTime": 0,
            "needYield": 0,
            "saveState": 0,
            "restoreState": 0,
            "isEOF": 1,
            "docsExamined": 474,
            "alreadyHasObj": 0,
            "inputStage": {
                "stage": "IXSCAN",
                "nReturned": 474,
                "executionTimeMillisEstimate": 0,
                "works": 475,
                "advanced": 474,
                "needTime": 0,
                "needYield": 0,
                "saveState": 0,
                "restoreState": 0,
                "isEOF": 1,
                "keyPattern": {
                    "state": 1
                },
                "indexName": "state_1",
                "isMultiKey": false,
                "multiKeyPaths": {
                    "state": []
                },
                "isUnique": false,
                "isSparse": false,
                "isPartial": false,
                "indexVersion": 2,
                "direction": "forward",
                "indexBounds": {
                    "state": [
                        "[\"MA\", \"MA\"]"
                    ]
                },
                "keysExamined": 474,
                "seeks": 1,
                "dupsTested": 0,
                "dupsDropped": 0
            }
        },
        "allPlansExecution": [
            {
                "nReturned": 101,
                "executionTimeMillisEstimate": 0,
                "totalKeysExamined": 101,
                "totalDocsExamined": 101,
                "score": 2.0002,
                "executionStages": {
                    "stage": "FETCH",
                    "nReturned": 101,
                    "executionTimeMillisEstimate": 0,
                    "works": 101,
                    "advanced": 101,
                    "needTime": 0,
                    "needYield": 0,
                    "saveState": 0,
                    "restoreState": 0,
                    "isEOF": 0,
                    "docsExamined": 101,
                    "alreadyHasObj": 0,
                    "inputStage": {
                        "stage": "IXSCAN",
                        "nReturned": 101,
                        "executionTimeMillisEstimate": 0,
                        "works": 101,
                        "advanced": 101,
                        "needTime": 0,
                        "needYield": 0,
                        "saveState": 0,
                        "restoreState": 0,
                        "isEOF": 0,
                        "keyPattern": {
                            "state": 1
                        },
                        "indexName": "state_1",
                        "isMultiKey": false,
                        "multiKeyPaths": {
                            "state": []
                        },
                        "isUnique": false,
                        "isSparse": false,
                        "isPartial": false,
                        "indexVersion": 2,
                        "direction": "forward",
                        "indexBounds": {
                            "state": [
                                "[\"MA\", \"MA\"]"
                            ]
                        },
                        "keysExamined": 101,
                        "seeks": 1,
                        "dupsTested": 0,
                        "dupsDropped": 0
                    }
                }
            },
            {
                "nReturned": 101,
                "executionTimeMillisEstimate": 0,
                "totalKeysExamined": 101,
                "totalDocsExamined": 101,
                "score": 2.0002,
                "executionStages": {
                    "stage": "FETCH",
                    "nReturned": 101,
                    "executionTimeMillisEstimate": 0,
                    "works": 101,
                    "advanced": 101,
                    "needTime": 0,
                    "needYield": 0,
                    "saveState": 1,
                    "restoreState": 0,
                    "isEOF": 0,
                    "docsExamined": 101,
                    "alreadyHasObj": 0,
                    "inputStage": {
                        "stage": "IXSCAN",
                        "nReturned": 101,
                        "executionTimeMillisEstimate": 0,
                        "works": 101,
                        "advanced": 101,
                        "needTime": 0,
                        "needYield": 0,
                        "saveState": 1,
                        "restoreState": 0,
                        "isEOF": 0,
                        "keyPattern": {
                            "state": 1,
                            "city": -1
                        },
                        "indexName": "state_1_city_-1",
                        "isMultiKey": false,
                        "multiKeyPaths": {
                            "state": [],
                            "city": []
                        },
                        "isUnique": false,
                        "isSparse": false,
                        "isPartial": false,
                        "indexVersion": 2,
                        "direction": "forward",
                        "indexBounds": {
                            "state": [
                                "[\"MA\", \"MA\"]"
                            ],
                            "city": [
                                "[MaxKey, MinKey]"
                            ]
                        },
                        "keysExamined": 101,
                        "seeks": 1,
                        "dupsTested": 0,
                        "dupsDropped": 0
                    }
                }
            },
            {
                "nReturned": 101,
                "executionTimeMillisEstimate": 0,
                "totalKeysExamined": 101,
                "totalDocsExamined": 101,
                "score": 2.0002,
                "executionStages": {
                    "stage": "FETCH",
                    "filter": {
                        "state": {
                            "$eq": "MA"
                        }
                    },
                    "nReturned": 101,
                    "executionTimeMillisEstimate": 0,
                    "works": 101,
                    "advanced": 101,
                    "needTime": 0,
                    "needYield": 0,
                    "saveState": 1,
                    "restoreState": 0,
                    "isEOF": 0,
                    "docsExamined": 101,
                    "alreadyHasObj": 0,
                    "inputStage": {
                        "stage": "IXSCAN",
                        "nReturned": 101,
                        "executionTimeMillisEstimate": 0,
                        "works": 101,
                        "advanced": 101,
                        "needTime": 0,
                        "needYield": 0,
                        "saveState": 1,
                        "restoreState": 0,
                        "isEOF": 0,
                        "keyPattern": {
                            "state": "hashed"
                        },
                        "indexName": "state_hashed",
                        "isMultiKey": false,
                        "isUnique": false,
                        "isSparse": false,
                        "isPartial": false,
                        "indexVersion": 2,
                        "direction": "forward",
                        "indexBounds": {
                            "state": [
                                "[4460459325488517581, 4460459325488517581]"
                            ]
                        },
                        "keysExamined": 101,
                        "seeks": 1,
                        "dupsTested": 0,
                        "dupsDropped": 0
                    }
                }
            }
        ]
    },
    "command": {
        "find": "zipcode",
        "filter": {
            "state": "MA"
        },
        "skip": 0,
        "limit": 0,
        "maxTimeMS": 60000,
        "$db": "dellDbJune"
    },
    "serverInfo": {
        "host": "DESKTOP-OMKIEM8",
        "port": 27017,
        "version": "6.0.6",
        "gitVersion": "26b4851a412cc8b9b4a18cdb6cd0f9f642e06aa7"
    },
    "serverParameters": {
        "internalQueryFacetBufferSizeBytes": 104857600,
        "internalQueryFacetMaxOutputDocSizeBytes": 104857600,
        "internalLookupStageIntermediateDocumentMaxSizeBytes": 104857600,
        "internalDocumentSourceGroupMaxMemoryBytes": 104857600,
        "internalQueryMaxBlockingSortMemoryUsageBytes": 104857600,
        "internalQueryProhibitBlockingMergeOnMongoS": 0,
        "internalQueryMaxAddToSetBytes": 104857600,
        "internalDocumentSourceSetWindowFieldsMaxMemoryBytes": 104857600
    },
    "ok": 1
}