{
    "explainVersion": "1",
    "queryPlanner": {
        "namespace": "dellDbJune.zipcode",
        "indexFilterSet": false,
        "parsedQuery": {
            "$and": [
                {
                    "city": {
                        "$eq": "AGAWAM"
                    }
                },
                {
                    "state": {
                        "$eq": "MA"
                    }
                }
            ]
        },
        "queryHash": "4C442345",
        "planCacheKey": "FD03DCC1",
        "maxIndexedOrSolutionsReached": false,
        "maxIndexedAndSolutionsReached": false,
        "maxScansToExplodeReached": false,
        "winningPlan": {
            "stage": "FETCH",
            "filter": {
                "state": {
                    "$eq": "MA"
                }
            },
            "inputStage": {
                "stage": "IXSCAN",
                "keyPattern": {
                    "city": 1
                },
                "indexName": "city_1",
                "isMultiKey": false,
                "multiKeyPaths": {
                    "city": []
                },
                "isUnique": false,
                "isSparse": false,
                "isPartial": false,
                "indexVersion": 2,
                "direction": "forward",
                "indexBounds": {
                    "city": [
                        "[\"AGAWAM\", \"AGAWAM\"]"
                    ]
                }
            }
        },
        "rejectedPlans": [
            {
                "stage": "FETCH",
                "filter": {
                    "city": {
                        "$eq": "AGAWAM"
                    }
                },
                "inputStage": {
                    "stage": "IXSCAN",
                    "keyPattern": {
                        "state": -1
                    },
                    "indexName": "state_-1",
                    "isMultiKey": false,
                    "multiKeyPaths": {
                        "state": []
                    },
                    "isUnique": false,
                    "isSparse": false,
                    "isPartial": false,
                    "indexVersion": 2,
                    "direction": "forward",
                    "indexBounds": {
                        "state": [
                            "[\"MA\", \"MA\"]"
                        ]
                    }
                }
            },
            {
                "stage": "FETCH",
                "filter": {
                    "city": {
                        "$eq": "AGAWAM"
                    }
                },
                "inputStage": {
                    "stage": "IXSCAN",
                    "keyPattern": {
                        "state": 1
                    },
                    "indexName": "state_1",
                    "isMultiKey": false,
                    "multiKeyPaths": {
                        "state": []
                    },
                    "isUnique": false,
                    "isSparse": false,
                    "isPartial": false,
                    "indexVersion": 2,
                    "direction": "forward",
                    "indexBounds": {
                        "state": [
                            "[\"MA\", \"MA\"]"
                        ]
                    }
                }
            },
            {
                "stage": "FETCH",
                "filter": {
                    "$and": [
                        {
                            "state": {
                                "$eq": "MA"
                            }
                        },
                        {
                            "city": {
                                "$eq": "AGAWAM"
                            }
                        }
                    ]
                },
                "inputStage": {
                    "stage": "AND_SORTED",
                    "inputStages": [
                        {
                            "stage": "IXSCAN",
                            "keyPattern": {
                                "state": 1
                            },
                            "indexName": "state_1",
                            "isMultiKey": false,
                            "multiKeyPaths": {
                                "state": []
                            },
                            "isUnique": false,
                            "isSparse": false,
                            "isPartial": false,
                            "indexVersion": 2,
                            "direction": "forward",
                            "indexBounds": {
                                "state": [
                                    "[\"MA\", \"MA\"]"
                                ]
                            }
                        },
                        {
                            "stage": "IXSCAN",
                            "keyPattern": {
                                "city": 1
                            },
                            "indexName": "city_1",
                            "isMultiKey": false,
                            "multiKeyPaths": {
                                "city": []
                            },
                            "isUnique": false,
                            "isSparse": false,
                            "isPartial": false,
                            "indexVersion": 2,
                            "direction": "forward",
                            "indexBounds": {
                                "city": [
                                    "[\"AGAWAM\", \"AGAWAM\"]"
                                ]
                            }
                        }
                    ]
                }
            },
            {
                "stage": "FETCH",
                "filter": {
                    "$and": [
                        {
                            "state": {
                                "$eq": "MA"
                            }
                        },
                        {
                            "city": {
                                "$eq": "AGAWAM"
                            }
                        }
                    ]
                },
                "inputStage": {
                    "stage": "AND_SORTED",
                    "inputStages": [
                        {
                            "stage": "IXSCAN",
                            "keyPattern": {
                                "state": -1
                            },
                            "indexName": "state_-1",
                            "isMultiKey": false,
                            "multiKeyPaths": {
                                "state": []
                            },
                            "isUnique": false,
                            "isSparse": false,
                            "isPartial": false,
                            "indexVersion": 2,
                            "direction": "forward",
                            "indexBounds": {
                                "state": [
                                    "[\"MA\", \"MA\"]"
                                ]
                            }
                        },
                        {
                            "stage": "IXSCAN",
                            "keyPattern": {
                                "city": 1
                            },
                            "indexName": "city_1",
                            "isMultiKey": false,
                            "multiKeyPaths": {
                                "city": []
                            },
                            "isUnique": false,
                            "isSparse": false,
                            "isPartial": false,
                            "indexVersion": 2,
                            "direction": "forward",
                            "indexBounds": {
                                "city": [
                                    "[\"AGAWAM\", \"AGAWAM\"]"
                                ]
                            }
                        }
                    ]
                }
            }
        ]
    },
    "executionStats": {
        "executionSuccess": true,
        "nReturned": 1,
        "executionTimeMillis": 4,
        "totalKeysExamined": 1,
        "totalDocsExamined": 1,
        "executionStages": {
            "stage": "FETCH",
            "filter": {
                "state": {
                    "$eq": "MA"
                }
            },
            "nReturned": 1,
            "executionTimeMillisEstimate": 0,
            "works": 3,
            "advanced": 1,
            "needTime": 0,
            "needYield": 0,
            "saveState": 0,
            "restoreState": 0,
            "isEOF": 1,
            "docsExamined": 1,
            "alreadyHasObj": 0,
            "inputStage": {
                "stage": "IXSCAN",
                "nReturned": 1,
                "executionTimeMillisEstimate": 0,
                "works": 2,
                "advanced": 1,
                "needTime": 0,
                "needYield": 0,
                "saveState": 0,
                "restoreState": 0,
                "isEOF": 1,
                "keyPattern": {
                    "city": 1
                },
                "indexName": "city_1",
                "isMultiKey": false,
                "multiKeyPaths": {
                    "city": []
                },
                "isUnique": false,
                "isSparse": false,
                "isPartial": false,
                "indexVersion": 2,
                "direction": "forward",
                "indexBounds": {
                    "city": [
                        "[\"AGAWAM\", \"AGAWAM\"]"
                    ]
                },
                "keysExamined": 1,
                "seeks": 1,
                "dupsTested": 0,
                "dupsDropped": 0
            }
        },
        "allPlansExecution": [
            {
                "nReturned": 1,
                "executionTimeMillisEstimate": 0,
                "totalKeysExamined": 1,
                "totalDocsExamined": 1,
                "score": 2.5002,
                "executionStages": {
                    "stage": "FETCH",
                    "filter": {
                        "state": {
                            "$eq": "MA"
                        }
                    },
                    "nReturned": 1,
                    "executionTimeMillisEstimate": 0,
                    "works": 2,
                    "advanced": 1,
                    "needTime": 0,
                    "needYield": 0,
                    "saveState": 0,
                    "restoreState": 0,
                    "isEOF": 1,
                    "docsExamined": 1,
                    "alreadyHasObj": 0,
                    "inputStage": {
                        "stage": "IXSCAN",
                        "nReturned": 1,
                        "executionTimeMillisEstimate": 0,
                        "works": 2,
                        "advanced": 1,
                        "needTime": 0,
                        "needYield": 0,
                        "saveState": 0,
                        "restoreState": 0,
                        "isEOF": 1,
                        "keyPattern": {
                            "city": 1
                        },
                        "indexName": "city_1",
                        "isMultiKey": false,
                        "multiKeyPaths": {
                            "city": []
                        },
                        "isUnique": false,
                        "isSparse": false,
                        "isPartial": false,
                        "indexVersion": 2,
                        "direction": "forward",
                        "indexBounds": {
                            "city": [
                                "[\"AGAWAM\", \"AGAWAM\"]"
                            ]
                        },
                        "keysExamined": 1,
                        "seeks": 1,
                        "dupsTested": 0,
                        "dupsDropped": 0
                    }
                }
            },
            {
                "nReturned": 1,
                "executionTimeMillisEstimate": 0,
                "totalKeysExamined": 2,
                "totalDocsExamined": 2,
                "score": 1.5002,
                "executionStages": {
                    "stage": "FETCH",
                    "filter": {
                        "city": {
                            "$eq": "AGAWAM"
                        }
                    },
                    "nReturned": 1,
                    "executionTimeMillisEstimate": 0,
                    "works": 2,
                    "advanced": 1,
                    "needTime": 1,
                    "needYield": 0,
                    "saveState": 1,
                    "restoreState": 0,
                    "isEOF": 0,
                    "docsExamined": 2,
                    "alreadyHasObj": 0,
                    "inputStage": {
                        "stage": "IXSCAN",
                        "nReturned": 2,
                        "executionTimeMillisEstimate": 0,
                        "works": 2,
                        "advanced": 2,
                        "needTime": 0,
                        "needYield": 0,
                        "saveState": 1,
                        "restoreState": 0,
                        "isEOF": 0,
                        "keyPattern": {
                            "state": -1
                        },
                        "indexName": "state_-1",
                        "isMultiKey": false,
                        "multiKeyPaths": {
                            "state": []
                        },
                        "isUnique": false,
                        "isSparse": false,
                        "isPartial": false,
                        "indexVersion": 2,
                        "direction": "forward",
                        "indexBounds": {
                            "state": [
                                "[\"MA\", \"MA\"]"
                            ]
                        },
                        "keysExamined": 2,
                        "seeks": 1,
                        "dupsTested": 0,
                        "dupsDropped": 0
                    }
                }
            },
            {
                "nReturned": 1,
                "executionTimeMillisEstimate": 0,
                "totalKeysExamined": 2,
                "totalDocsExamined": 2,
                "score": 1.5002,
                "executionStages": {
                    "stage": "FETCH",
                    "filter": {
                        "city": {
                            "$eq": "AGAWAM"
                        }
                    },
                    "nReturned": 1,
                    "executionTimeMillisEstimate": 0,
                    "works": 2,
                    "advanced": 1,
                    "needTime": 1,
                    "needYield": 0,
                    "saveState": 1,
                    "restoreState": 0,
                    "isEOF": 0,
                    "docsExamined": 2,
                    "alreadyHasObj": 0,
                    "inputStage": {
                        "stage": "IXSCAN",
                        "nReturned": 2,
                        "executionTimeMillisEstimate": 0,
                        "works": 2,
                        "advanced": 2,
                        "needTime": 0,
                        "needYield": 0,
                        "saveState": 1,
                        "restoreState": 0,
                        "isEOF": 0,
                        "keyPattern": {
                            "state": 1
                        },
                        "indexName": "state_1",
                        "isMultiKey": false,
                        "multiKeyPaths": {
                            "state": []
                        },
                        "isUnique": false,
                        "isSparse": false,
                        "isPartial": false,
                        "indexVersion": 2,
                        "direction": "forward",
                        "indexBounds": {
                            "state": [
                                "[\"MA\", \"MA\"]"
                            ]
                        },
                        "keysExamined": 2,
                        "seeks": 1,
                        "dupsTested": 0,
                        "dupsDropped": 0
                    }
                }
            },
            {
                "nReturned": 1,
                "executionTimeMillisEstimate": 0,
                "totalKeysExamined": 2,
                "totalDocsExamined": 1,
                "score": 1.5001,
                "executionStages": {
                    "stage": "FETCH",
                    "filter": {
                        "$and": [
                            {
                                "state": {
                                    "$eq": "MA"
                                }
                            },
                            {
                                "city": {
                                    "$eq": "AGAWAM"
                                }
                            }
                        ]
                    },
                    "nReturned": 1,
                    "executionTimeMillisEstimate": 0,
                    "works": 2,
                    "advanced": 1,
                    "needTime": 1,
                    "needYield": 0,
                    "saveState": 1,
                    "restoreState": 0,
                    "isEOF": 0,
                    "docsExamined": 1,
                    "alreadyHasObj": 0,
                    "inputStage": {
                        "stage": "AND_SORTED",
                        "nReturned": 1,
                        "executionTimeMillisEstimate": 0,
                        "works": 2,
                        "advanced": 1,
                        "needTime": 1,
                        "needYield": 0,
                        "saveState": 1,
                        "restoreState": 0,
                        "isEOF": 0,
                        "failedAnd_0": 0,
                        "failedAnd_1": 0,
                        "inputStages": [
                            {
                                "stage": "IXSCAN",
                                "nReturned": 1,
                                "executionTimeMillisEstimate": 0,
                                "works": 1,
                                "advanced": 1,
                                "needTime": 0,
                                "needYield": 0,
                                "saveState": 1,
                                "restoreState": 0,
                                "isEOF": 0,
                                "keyPattern": {
                                    "state": 1
                                },
                                "indexName": "state_1",
                                "isMultiKey": false,
                                "multiKeyPaths": {
                                    "state": []
                                },
                                "isUnique": false,
                                "isSparse": false,
                                "isPartial": false,
                                "indexVersion": 2,
                                "direction": "forward",
                                "indexBounds": {
                                    "state": [
                                        "[\"MA\", \"MA\"]"
                                    ]
                                },
                                "keysExamined": 1,
                                "seeks": 1,
                                "dupsTested": 0,
                                "dupsDropped": 0
                            },
                            {
                                "stage": "IXSCAN",
                                "nReturned": 1,
                                "executionTimeMillisEstimate": 0,
                                "works": 1,
                                "advanced": 1,
                                "needTime": 0,
                                "needYield": 0,
                                "saveState": 1,
                                "restoreState": 0,
                                "isEOF": 0,
                                "keyPattern": {
                                    "city": 1
                                },
                                "indexName": "city_1",
                                "isMultiKey": false,
                                "multiKeyPaths": {
                                    "city": []
                                },
                                "isUnique": false,
                                "isSparse": false,
                                "isPartial": false,
                                "indexVersion": 2,
                                "direction": "forward",
                                "indexBounds": {
                                    "city": [
                                        "[\"AGAWAM\", \"AGAWAM\"]"
                                    ]
                                },
                                "keysExamined": 1,
                                "seeks": 1,
                                "dupsTested": 0,
                                "dupsDropped": 0
                            }
                        ]
                    }
                }
            },
            {
                "nReturned": 1,
                "executionTimeMillisEstimate": 0,
                "totalKeysExamined": 2,
                "totalDocsExamined": 1,
                "score": 1.5001,
                "executionStages": {
                    "stage": "FETCH",
                    "filter": {
                        "$and": [
                            {
                                "state": {
                                    "$eq": "MA"
                                }
                            },
                            {
                                "city": {
                                    "$eq": "AGAWAM"
                                }
                            }
                        ]
                    },
                    "nReturned": 1,
                    "executionTimeMillisEstimate": 0,
                    "works": 2,
                    "advanced": 1,
                    "needTime": 1,
                    "needYield": 0,
                    "saveState": 1,
                    "restoreState": 0,
                    "isEOF": 0,
                    "docsExamined": 1,
                    "alreadyHasObj": 0,
                    "inputStage": {
                        "stage": "AND_SORTED",
                        "nReturned": 1,
                        "executionTimeMillisEstimate": 0,
                        "works": 2,
                        "advanced": 1,
                        "needTime": 1,
                        "needYield": 0,
                        "saveState": 1,
                        "restoreState": 0,
                        "isEOF": 0,
                        "failedAnd_0": 0,
                        "failedAnd_1": 0,
                        "inputStages": [
                            {
                                "stage": "IXSCAN",
                                "nReturned": 1,
                                "executionTimeMillisEstimate": 0,
                                "works": 1,
                                "advanced": 1,
                                "needTime": 0,
                                "needYield": 0,
                                "saveState": 1,
                                "restoreState": 0,
                                "isEOF": 0,
                                "keyPattern": {
                                    "state": -1
                                },
                                "indexName": "state_-1",
                                "isMultiKey": false,
                                "multiKeyPaths": {
                                    "state": []
                                },
                                "isUnique": false,
                                "isSparse": false,
                                "isPartial": false,
                                "indexVersion": 2,
                                "direction": "forward",
                                "indexBounds": {
                                    "state": [
                                        "[\"MA\", \"MA\"]"
                                    ]
                                },
                                "keysExamined": 1,
                                "seeks": 1,
                                "dupsTested": 0,
                                "dupsDropped": 0
                            },
                            {
                                "stage": "IXSCAN",
                                "nReturned": 1,
                                "executionTimeMillisEstimate": 0,
                                "works": 1,
                                "advanced": 1,
                                "needTime": 0,
                                "needYield": 0,
                                "saveState": 1,
                                "restoreState": 0,
                                "isEOF": 0,
                                "keyPattern": {
                                    "city": 1
                                },
                                "indexName": "city_1",
                                "isMultiKey": false,
                                "multiKeyPaths": {
                                    "city": []
                                },
                                "isUnique": false,
                                "isSparse": false,
                                "isPartial": false,
                                "indexVersion": 2,
                                "direction": "forward",
                                "indexBounds": {
                                    "city": [
                                        "[\"AGAWAM\", \"AGAWAM\"]"
                                    ]
                                },
                                "keysExamined": 1,
                                "seeks": 1,
                                "dupsTested": 0,
                                "dupsDropped": 0
                            }
                        ]
                    }
                }
            }
        ]
    },
    "command": {
        "find": "zipcode",
        "filter": {
            "city": "AGAWAM",
            "state": "MA"
        },
        "skip": 0,
        "limit": 0,
        "maxTimeMS": 60000,
        "$db": "dellDbJune"
    },
    "serverInfo": {
        "host": "DESKTOP-OMKIEM8",
        "port": 27017,
        "version": "6.0.6",
        "gitVersion": "26b4851a412cc8b9b4a18cdb6cd0f9f642e06aa7"
    },
    "serverParameters": {
        "internalQueryFacetBufferSizeBytes": 104857600,
        "internalQueryFacetMaxOutputDocSizeBytes": 104857600,
        "internalLookupStageIntermediateDocumentMaxSizeBytes": 104857600,
        "internalDocumentSourceGroupMaxMemoryBytes": 104857600,
        "internalQueryMaxBlockingSortMemoryUsageBytes": 104857600,
        "internalQueryProhibitBlockingMergeOnMongoS": 0,
        "internalQueryMaxAddToSetBytes": 104857600,
        "internalDocumentSourceSetWindowFieldsMaxMemoryBytes": 104857600
    },
    "ok": 1
}