{
    "explainVersion": "1",
    "queryPlanner": {
        "namespace": "dellDbJune.zipcode",
        "indexFilterSet": false,
        "parsedQuery": {
            "city": {
                "$eq": "AGAWAM"
            }
        },
        "queryHash": "C9B6C175",
        "planCacheKey": "C9B6C175",
        "maxIndexedOrSolutionsReached": false,
        "maxIndexedAndSolutionsReached": false,
        "maxScansToExplodeReached": false,
        "winningPlan": {
            "stage": "FETCH",
            "filter": {
                "city": {
                    "$eq": "AGAWAM"
                }
            },
            "inputStage": {
                "stage": "IXSCAN",
                "keyPattern": {
                    "state": 1
                },
                "indexName": "state_1",
                "isMultiKey": false,
                "multiKeyPaths": {
                    "state": []
                },
                "isUnique": false,
                "isSparse": false,
                "isPartial": false,
                "indexVersion": 2,
                "direction": "forward",
                "indexBounds": {
                    "state": [
                        "[MinKey, MaxKey]"
                    ]
                }
            }
        },
        "rejectedPlans": []
    },
    "executionStats": {
        "executionSuccess": true,
        "nReturned": 1,
        "executionTimeMillis": 31,
        "totalKeysExamined": 29353,
        "totalDocsExamined": 29353,
        "executionStages": {
            "stage": "FETCH",
            "filter": {
                "city": {
                    "$eq": "AGAWAM"
                }
            },
            "nReturned": 1,
            "executionTimeMillisEstimate": 3,
            "works": 29354,
            "advanced": 1,
            "needTime": 29352,
            "needYield": 0,
            "saveState": 29,
            "restoreState": 29,
            "isEOF": 1,
            "docsExamined": 29353,
            "alreadyHasObj": 0,
            "inputStage": {
                "stage": "IXSCAN",
                "nReturned": 29353,
                "executionTimeMillisEstimate": 1,
                "works": 29354,
                "advanced": 29353,
                "needTime": 0,
                "needYield": 0,
                "saveState": 29,
                "restoreState": 29,
                "isEOF": 1,
                "keyPattern": {
                    "state": 1
                },
                "indexName": "state_1",
                "isMultiKey": false,
                "multiKeyPaths": {
                    "state": []
                },
                "isUnique": false,
                "isSparse": false,
                "isPartial": false,
                "indexVersion": 2,
                "direction": "forward",
                "indexBounds": {
                    "state": [
                        "[MinKey, MaxKey]"
                    ]
                },
                "keysExamined": 29353,
                "seeks": 1,
                "dupsTested": 0,
                "dupsDropped": 0
            }
        },
        "allPlansExecution": []
    },
    "command": {
        "find": "zipcode",
        "filter": {
            "city": "AGAWAM"
        },
        "sort": {
            "state": 1
        },
        "skip": 0,
        "limit": 0,
        "maxTimeMS": 60000,
        "$db": "dellDbJune"
    },
    "serverInfo": {
        "host": "DESKTOP-OMKIEM8",
        "port": 27017,
        "version": "6.0.6",
        "gitVersion": "26b4851a412cc8b9b4a18cdb6cd0f9f642e06aa7"
    },
    "serverParameters": {
        "internalQueryFacetBufferSizeBytes": 104857600,
        "internalQueryFacetMaxOutputDocSizeBytes": 104857600,
        "internalLookupStageIntermediateDocumentMaxSizeBytes": 104857600,
        "internalDocumentSourceGroupMaxMemoryBytes": 104857600,
        "internalQueryMaxBlockingSortMemoryUsageBytes": 104857600,
        "internalQueryProhibitBlockingMergeOnMongoS": 0,
        "internalQueryMaxAddToSetBytes": 104857600,
        "internalDocumentSourceSetWindowFieldsMaxMemoryBytes": 104857600
    },
    "ok": 1
}